article,candidate,score,publishedAt
hit promise mass deportation candidate break battleground state presidential candidate typically focus much travel battleground state wednesday taking message somewhat unlikely place suburban new york,Donald Trump,-0.1027,2024-09-18T11:08:51Z
today lucky day cnn conservative put spot mark robinson scandal cnns scott jennings drew unenviable assignment providing conservative defense embattled north carolina gubernatorial candidate mark robinson report emerged shocking comment made year ago smutty online forumthe trum,Donald Trump,-0.0258,2024-09-20T10:54:43Z
vance done time medium historically reclusive harriswalz ticket running mate senator jd vance done time medium democratic counterpart post vance done time medium historically reclusive harriswalz ticket first appeared,Donald Trump,0.0,2024-09-19T13:45:03Z
say israel eradicated loses told largely jewish audience new york thursday israel wiped face doesnt win november abc news reportshe pointed wa leading poll among jewish voter democ,Donald Trump,-0.3182,2024-09-20T01:34:13Z
teamster skip presidential endorsement member poll pick polling membership finding majority support reelection former president international brotherhood teamster ha chosen skip endorsement election cycle,Donald Trump,0.3182,2024-09-18T21:41:39Z
georgia ready vote female president month ago wa looking like georgia locked upbrbrnow race georgia play democrat state ha never elected female governor female u senatorbrbr fa,Donald Trump,0.3612,2024-09-20T21:06:37Z
texas jury clear train surrounding bidenharris bus guardian guardian texas jury clear train surrounding bidenharris bus onboard bus alleged terrorised minute calling also yield help federal jury texas monday cleared gr,Donald Trump,0.3818,2024-09-23T22:45:02Z
republican national security leader endorse vice president reaganbushmccainromneyreagan bush reaganbushmccainromney reagan bush republican national security leader endorse vice president trusted support defend constitution united state enemy foreign domestic,Donald Trump,0.5719,2024-09-18T14:20:00Z
taking brief break campaigning battleground state meg kinnard presidential candidate typically focus much travel battleground state wednesday taking message somewhat unlikely place suburban new york republican presidential nominee former president,Donald Trump,-0.4019,2024-09-18T11:08:51Z
democrat privately worry teamster nonendorsement warning sign politico politico democrat privately worry teamster nonendorsement warning sign still ha work win older white workingclass voter make large portion electorate rust belt philadelphia eight year,Donald Trump,-0.6486,2024-09-20T19:55:05Z
undecided voter explain havent picked side election domenico montanaronpr domenico montanaro npr undecided voter explain havent picked side election people decided going vote former president well known polarizing people either love hate,Donald Trump,-0.2263,2024-09-19T20:25:00Z
speaks publicly first time since gunman arrest blame biden rhetoric ha spoken publicly first time since latest attempt life sunday calling much better result wa shot july,Donald Trump,-0.5859,2024-09-17T05:51:52Z
total outrage dem sen blumenthal blast bidenharris admin stonewalling assassination probe democratic sen richard blumenthal conn tuesday slammed bidenharris administration effectively stonewalling congressional effort investigate assassination attempt republican nominee post total outrage dem sen,Donald Trump,-0.802,2024-09-17T21:45:28Z
surrogate sen coon dodge question ducking interview vice president say yes let another presidential debate said agree nationally televised debate one way answer question post surrogate sen coon dodge question,Donald Trump,0.0,2024-09-24T19:00:30Z
bidens billion investment hbcus mean close election day appealing black voter close presidential race bidenharris administration former president touted hbcu funding,Donald Trump,0.0,2024-09-24T12:00:00Z
ittrump appears rule running president loses ha said doe think run president loses year u election,Donald Trump,-0.3182,2024-09-23T06:50:00Z
victor davis hanson warns two thing stop assassination attempt hoover institution senior fellow victor davis hanson warned podcast bidenharris administration secret service prevent assassination attempt former president,Donald Trump,-0.7579,2024-09-20T00:00:00Z
dark rhetoric playing roulette real human financial time column financial time columnist edward luce belief former president sen jd vance roh making explicit ethnonationalism center campaign sure losing betin latest column luce outline,Donald Trump,0.2023,2024-09-18T13:59:27Z
want second debate letter editor sept ny post reader discus vice president desire second presidential debate cnn,Donald Trump,0.0772,2024-09-24T20:58:17Z
teamster president obrien tacitly endorses hundred thousand member defy obrien support leadership millionmember teamster union official ha endorsement teamster president sean obrien ha tacitly endorsed presidentby attending speaking teamster convention ensuring union execut,Donald Trump,0.6249,2024-09-20T05:50:56Z
brave steve scalise combat wokeness amid looming govt shutdown government shutdown looming less two week presidential election november gop louisiana rep steve scalise springing action going check note wokeness sound right since house republican,Donald Trump,0.128,2024-09-19T15:48:58Z
jury clear train driver federal jury texas monday cleared group supporter found one driver liable civil trial socalled train surrounded bidenharris campaign bus day election twoweek trial federal,Donald Trump,0.3818,2024-09-23T22:26:00Z
slam harrisbiden admin mishandling second assassination attempt slap wrist former president claimed monday harrisbiden administration mishandling downplaying second assassination attempt life,Donald Trump,-0.7096,2024-09-23T20:24:13Z
fbi say may never know motivation wouldbe assassin wa bidenharris supporter donated democrat time west palm beach fl investigation second assassination attempt former president continued federal bureau investigation said may never know motivation wouldbe assassin wa bidenharris supporter,Donald Trump,0.0165,2024-09-17T20:50:15Z
outstanding enthusiastic praise mark robinson recirculates candidate black nazi brag revealed mark robinson therepublican nominee governor north carolina wa exposed thursday afternoon extensive comment history pornography forum called nude africa called black nazi attacked martin luther king jr repeatedly,Donald Trump,0.8957,2024-09-19T21:10:48Z
jury reject voter intimidation claim train driver bidenharris bus encounter federal jury texas monday rejected voter intimidation allegation one group former president supporter whosurrounded bidenharris campaign bus,Donald Trump,-0.6705,2024-09-24T11:26:52Z
classic overkill analyst link sinister sale pitch past life ha applied tactic learned lifelong salesman politics darker ominous tone probably used close deal analyst wrote cnn tuesdaymost politician offer voter optimistic vision,Donald Trump,-0.5994,2024-09-24T17:54:41Z
newsletter deep state staged new assassination attempt roils internet wpseparator internet culture chaoticbut well break one daily email sign daily dot webcrawlr newsletterhere youll get best worst internet straight inbox hello fell,Donald Trump,-0.5994,2024-09-17T15:30:00Z
abc fact check blow infamously abc david muir trumpharris debate fact checked assertion crime rate increased harrisbiden administration arrogantly sniffing decreasing wa,Donald Trump,0.0,2024-09-22T04:00:00Z
seth meyers vance reel amid mark robinson scandal refuse debate seth take closer look jd vance refusing condemn republican candidate governor north carolina mark robinson disturbing comment surfaced,Donald Trump,-0.6249,2024-09-24T01:31:19Z
new ad emphasizes tie mark robinson come bombshell report said north carolina republican published series racist lewd comment porn forum year ago,Donald Trump,0.0,2024-09-20T18:20:21Z
latest campaign new york speak hispanic leadership conference taking message wednesday somewhat unlikely place suburban new york,Donald Trump,0.0,2024-09-18T12:54:17Z
john frankman helping correct dod vaccine mandate guest post john frankman campaign rally last month made significant promise elected president would restore service member kicked military covid vaccine mandate backpay apology though mov,Donald Trump,0.296,2024-09-17T19:45:48Z
texas jury clear train driver civil trial bidenharris bus encounter federal jury texas ha cleared group former president supporter found one person liable civil trial socalled train surrounded bidenharris campaign bus,Donald Trump,0.3818,2024-09-23T21:10:20Z
attend al smith charity dinner skipping campaign battleground state ha confirmed hell sole featured speaker year al smith charity dinner new york,Donald Trump,0.0258,2024-09-23T18:38:49Z
group blatantly lie trumpvance school shooting september kamalahqs facebook account posted statement jd vance calling school shooting fact lifedonald jd vance think school shooting fact lifersquo,Donald Trump,0.0,2024-09-17T04:00:00Z
ally continue calling threat democracy ally continue calling threat democracy authored philip wegmann via realclearpoliticscom two assassination attempt former president clarified democratic position whether republican represent,Donald Trump,-0.5267,2024-09-20T21:45:40Z
election latest resume campaigning apparent assassination attempt presidential campaign moving forward another apparent attempt life,Donald Trump,-0.5994,2024-09-17T14:22:33Z
call republican hypocrite powerful speech abortion health care crisis architect crisis democratic presidential nominee said friday rally,Donald Trump,0.4215,2024-09-20T23:18:03Z
transformed race build momentum latest polling six week election day poll find point lead former president among,Donald Trump,0.0,2024-09-23T12:03:05Z
lead point among young voter new polling vp leading percent new polling harvard institute politics director polling john,Donald Trump,0.0,2024-09-24T12:50:07Z
train driver cleared civil trial bidenharris bus encounter federal jury texas rejected voter intimidation allegation one group supporter,Donald Trump,0.1027,2024-09-24T10:51:33Z
hawk commemorative coin latest hunt cash coin latest merchandise launch republican raised third amount brought august ha launched range commemorative coin join sneaker bible playing card nfts strip,Donald Trump,0.0,2024-09-22T14:33:11Z
dominating sunbelt state key win nyt poll dominating sunbelt state key win nyt poll riding wave momentum across sun belt according new poll show former president ahead key battleground state like arizona georgia north carolus,Donald Trump,0.3818,2024-09-24T22:01:08Z
georgia election denier plot revealed newly unearthed email republican georgia helped former president push lie election stolen planning according newly unearthed emailsthe guardian report email reveal behindthescenes network,Donald Trump,-0.3612,2024-09-18T15:38:42Z
say bidenharris rhetoric causing assassination attempt dems say stoking violence accuses democrat inciting violence citing recent assassination attempt evidence democrat counter highlighting inflammatory rhetoric side use selective statement support claim security conce,Donald Trump,-0.8402,2024-09-17T15:23:37Z
truth social stock crash reveals scammy new crypto venture truth social stock crash reveals scammy new crypto venture futurism social medium stock explodes higher say selling cnn medium share sink two day merger lockup period end cnbc,Donald Trump,-0.1027,2024-09-18T19:38:14Z
concedes biden nice trumpian way republican nominee told town hall president vice president call apparent assassination attempt golf course,Donald Trump,0.4215,2024-09-18T10:57:09Z
right left get wrong comparing speech violence sunday wa another apparent attempt life former president though suspect wa never close enough rifle range motive unclear said fox news man believed rhetoric,Donald Trump,-0.802,2024-09-18T11:04:37Z
progressive hope border shift temporary dozen immigration progressive group believe vice president recent hawkish immigration policy pledge harmful part maga antiimmigrant agenda many backing anyway matter democrat temporarily uniting,Donald Trump,0.4404,2024-09-18T08:34:33Z
jury clear defendant train case jury clear defendant train case federal jury texas sept rejected voter intimidation allegation nearly president supporter surrounded bidenharris campaign bus highway day,Donald Trump,0.3818,2024-09-24T17:28:48Z
jd vances performance ha audience one say former debate opponent vances former democratic opponent tim ryan say ohio senator likely aggressively attack harriswalz debate tuesday night appeal republican presidential nominee,Donald Trump,0.34,2024-10-01T18:04:27Z
scab campaign fume wild antiovertime rant former president openly admitted hated pay worker overtime organization would even replace spoke,Donald Trump,-0.5574,2024-09-30T00:01:59Z
evangelicals get behind eliza griswold evangelicals group fighting stop relection challenge troubling strain american christianity,Donald Trump,0.0,2024-09-28T10:00:00Z
could raise tax without asking congress congress stop signature policy proposal third campaign presidency tariff tax percent imposed import china percent import country doe want tax hike would raise,Donald Trump,-0.296,2024-09-27T21:01:23Z
campaign magnificent trolling al game nothing warms liberal blogger heart like kind attack really rattle unfit candidate felon ha two biggies store one seat game likely notice plane flying ove,Donald Trump,0.5994,2024-09-29T15:04:27Z
campaign challenge debate rematch campaign rolling new ad saturday night alabamageorgia football game former president attending calling commit second debate nikole killion report tuscaloosa,Donald Trump,0.0772,2024-09-29T01:42:00Z
helenes destruction upends campaign former president visited helene storm zone georgia president biden planning trip north carolina wednesday saying may ask congress return pas aid bill scott macfarlane ha detail federal response,Donald Trump,-0.5719,2024-09-30T23:44:00Z
fox news host demand biden declare war iran proving shes need civics class fox julie banderas beat war drum iran recently revealed death threat made iran payback killing qasem soleimani back story sparked nonsense,Donald Trump,-0.6597,2024-09-28T11:24:03Z
poll ohio senate race tight even trail u senate race ohio republican challenger bernie moreno incumbent democrat sherrod brown close call although lead read post poll ohio senate race tight even trail appeared first th,Donald Trump,0.0,2024-09-25T22:13:20Z
head pittsburgh make manufacturing pitch voter vice president trying win undecided voter key swing state like pennsylvania former president also talked manufacturing policy tuesday georgia,Donald Trump,0.0,2024-09-25T10:00:00Z
head pittsburgh make manufacturing pitch voter vice president trying win undecided voter key swing state like pennsylvania former president also talked manufacturing policy week georgia,Donald Trump,0.0,2024-09-25T10:00:00Z
vance walz represent battle define masculinity jd vance tell men theyre losing game thats rigged harriswalz campaign encourages men strive better,Donald Trump,-0.3818,2024-09-30T10:00:41Z
tommy tuberville call drop today whatever alabama maga senator tommy tubervile seems getting desperate reason wednesday gave clear picture economic agenda battleground state pennsylvania contrasting former president told,Donald Trump,-0.2732,2024-09-26T16:39:00Z
leftist want arrested helping american pay grocery became expensive bidenharris admin former president helping american pay grocery became expensive bidenharris administration ha triggered leftist diagnosed derangement syndrome tds called arrest breitbart news rec,Donald Trump,-0.25,2024-09-29T06:00:00Z
mtg freak republican dont deserve reelected representative marjorie taylor greene angry house speaker mike johnson said doesnt think republican deserve keep majority house house passed threemonth stopgap bill wednesday prevent government shutdown,Donald Trump,-0.4404,2024-09-26T20:41:54Z
sound like jd vances vp debate prep going well expected jd vance keep claiming hasnt done muchif anythingto prepare tuesday night vice presidential debate interview cnbc tuesday majority whip tom emmer ha standing minnesota governor tim walz vances pra,Donald Trump,0.5574,2024-10-01T19:00:34Z
people arent buying climate change scam anymore morning joe little compare contrast candidate reaction climate change devastation hurricane helene stand community long take make sure able recover,Donald Trump,-0.5719,2024-09-30T11:31:02Z
gaining ground woman voter poll show one pollster find ha improved among woman voter past monthbut still ahead,Donald Trump,0.4215,2024-09-25T00:14:21Z
chance winning arizona new poll show lead percentage point arizona recent poll show neckandneck race,Donald Trump,0.6597,2024-10-01T03:36:18Z
suffers blow among hispanic two swing state polling shared newsweek show hispanic support two key swing state ha declined backing ha grown,Donald Trump,-0.4767,2024-09-27T13:24:25Z
face threat popular swing state college town tight election university vote could crucial swinging one expert told newsweek,Donald Trump,-0.1531,2024-09-25T10:49:53Z
cbs say backed interview scott pelley special minute edition october show go forward interview brian steltercnn brian stelter cnn cbs say backed interview scott pelley special minute edition october show go forward interview new york cnn former president ha backed intervie,Donald Trump,0.4215,2024-10-01T23:00:51Z
meet zelenskyy pledge support said would meet ukrainian president volodymyr zelenskyy friday criticized u campaign trail expressed doubt ukraine ability win war russia republican candidate nov president,Donald Trump,0.4019,2024-09-27T00:13:59Z
fox news host try cant defend slip lunacy fox news host howard kurtz said couldnt defend republican presidential nominee democratic strategist tim hogan pointed former president often slip lunacy panel discussion fox news medium buzz progr,Donald Trump,0.0,2024-09-30T11:30:05Z
complains hurricane helene hurt lot voter stunning rant kellyanne conway early voting kellyanne conway pushed former president hard debate vice president even acknowledging face post complains hurricane helene hurt lot voter stunning rant kellyanne conway e,Donald Trump,-0.7003,2024-10-01T19:06:58Z
wtf weirdo mocked blaming fly rally immigrant rally wisconsin wa youd expect veered topic speech including beautiful beach body wa better president joe bidens doubtful concern voter zeroed small fly,Donald Trump,-0.9022,2024-09-29T12:39:11Z
scab campaign fume wild antiovertime rant matt youngthe daily beast matt young daily beast scab campaign fume wild antiovertime rant wouldnt pay former president admitted shouldnt say rally pennsylvaniajust minute campaign highl,Donald Trump,-0.5574,2024-09-30T04:25:05Z
romney resisting pressure endorse washington post washington post romney resisting pressure endorse people know stand thats enough romney told post would still welcome endorsement election day nears parade antitrump,Donald Trump,0.0258,2024-09-27T13:30:01Z
jr tout perhaps greatest endorsement father campaign jr claimed sunday iran colluding bidenharris administration try give information political enemy,Donald Trump,0.7184,2024-09-29T19:54:42Z
obama biden achievement claim glenn kesslerwashington post glenn kessler washington post obama biden achievement claim claim credit law capping insulin month wa approved bidenharris administration weve documented many time false cla,Donald Trump,0.0,2024-09-25T14:35:03Z
think win economy many month ha undisputed durable fact race former president held strong political advantage pressing issue voter economy new york time reportsbut less six,Donald Trump,0.5859,2024-09-26T22:02:09Z
spreading lie bidenharris hurricane response hurricane helene made landfall florida panhandle last week florida wellversed hurricane preparedness panhandle floridian got several day warning evacuate meteorologist seemed know expect came florida prob,Donald Trump,0.0,2024-10-01T11:20:39Z
accuses biden withholding aid storm victim sv datehuffpost sv date huffpost accuses biden withholding aid storm victim coupattempting criminal former president also accused biden left american drown south loading washington,Donald Trump,-0.5423,2024-10-01T01:00:07Z
report bidenharris admin stonewalling congress investigation first assassination attempt bidenharris administration refusing forfeit information relevant first assassination attempt former president newly released bipartisan senate report alleges published wednesday senate homeland security,Donald Trump,-0.5994,2024-09-25T19:58:08Z
extinguish good bidenharris cabinet secretary want make sure go away ten day second assassin attempted permanently remove former president presidential race united state secretary commerce gina raimondo put call extinguish good get let extingui,Donald Trump,0.6705,2024-09-25T21:36:26Z
plan texas oil country donor blitz shrink money gap planning fresh fundraising swing texas,Donald Trump,0.0,2024-09-25T08:18:32Z
top republican disavow mentally disabled attack edward helmorethe guardian edward helmore guardian top republican disavow mentally disabled attack lindsey graham push back expresidents remark minnesota emmer say stick issue senior republican distanced,Donald Trump,-0.3182,2024-09-30T00:15:01Z
three phase normalizing attack wisconsin margaret sullivanamerican crisis margaret sullivan american crisis three phase normalizing attack wisconsin use neutral language merely read deeply offensive rally weekend prairie du chien wisconsin probabl,Donald Trump,-0.802,2024-09-30T15:10:00Z
vances predebate prep platforming christian nationalist called witch josh fiallothe daily beast josh fiallo daily beast vances predebate prep platforming christian nationalist called witch less angry rush limbaugh veep hopeful hold town hall notorious televangelist said last year opponent,Donald Trump,-0.3612,2024-09-27T18:20:05Z
bidens record speaks jennifer rubinwashington post jennifer rubin washington post bidens record speaks crime economy immigration republican little complain campaign former president ha largely reduced empty attack,Donald Trump,0.0,2024-09-26T18:00:24Z
call assault weapon ban delivering campaign billed manufacturing policy speech savannah georgia tuesday appeared call assault weapon banstanding front backdrop read made america expresident spoke small crowd,Donald Trump,-0.8625,2024-09-25T10:00:45Z
opinion rudy giuliani ruling show must insurrectionproof court brendan mcdermidreutersfile photo district columbia court recently disbarred disgraced lawyer rudy giuliani making repeated false statement effort overturn election court followed decision july,Donald Trump,0.0,2024-09-30T09:06:48Z
gop pollster say purge rhetoric isnt effective undecided voter sunday put forth policy many observer suggested mirrored plot movie purge republican pollster frank luntz say type rhetoric isnt effective type voter trying win overcnns kaitlan,Donald Trump,-0.2235,2024-09-30T01:39:24Z
cnn data analyst sound alarm campaign low support union household know ha going vote strong positionmore perhaps bloc post cnn data analyst sound alarm campaign low support union household first appear,Donald Trump,-0.2023,2024-10-01T19:00:49Z
president forced downgrade wisconsin rally venue bidenharris regime guard iranian president looking kill president announced wisconsin rally downsized federal resource diverted protect iranian president masoud pezeshkian ha linked threat post president forced downgra,Donald Trump,-0.8271,2024-09-29T13:45:59Z
slip lunacy fox news host try admits cant defend fox news host howard kurtz said couldnt defend republican presidential nominee democratic strategist tim hogan pointed former president often slip lunacy panel discussion fox news medium buzz progra,Donald Trump,0.296,2024-09-29T16:04:44Z
ha procryptocurrency platform chase crypto vote crypto company burning lot cash year presidential election industry see former president crypto convert,Donald Trump,0.34,2024-09-25T07:52:06Z
iranian hacker pretended ginni thomas targeted campaign report iranian hacker tried infiltrate former president campaign pretended supreme court justice clarence thomas wife ginni according new report three hacker link iranian government impersonated conservative act,Donald Trump,0.0,2024-09-27T23:10:53Z
stop bluecollar worker defecting shes touting biden administration strong record labor might enough win voter see democrat uncaring lites eyal press report,Donald Trump,-0.6124,2024-09-30T10:00:00Z
get unprecedented level security assassination attempt former president speaks rally bulletproof glass around,Donald Trump,-0.3612,2024-09-25T21:05:55Z
alleged campaign dossier jd vance may actually telling u alleged campaign dossier jd vance reportedly obtained iranian hacker sent several medium outlet refused publish ha publishedassuming document genuine shed light jd vance,Donald Trump,0.0,2024-09-27T17:33:40Z
walk away muttering take look asked prove aid denial helene victim day hurricane helene pummeled southeastern united state flew valdosta georgia campaign trip people dead first responder across country traveled help area hardest hit f,Donald Trump,-0.2732,2024-10-01T09:58:16Z
watch live delivers campaign remark arizona visit border scheduled appear douglas arizona former president fellow republican pound relentlessly biden administration record migration,Donald Trump,0.0,2024-09-27T16:21:15Z
neckandneck every swing state new polling new polling bloomberg newsmorning consult show vp neckandneck every swing state morning joe panel discusses,Donald Trump,0.0,2024-09-27T10:57:44Z
ha procryptocurrency platform chase crypto vote ha procryptocurrency platform chase crypto votecrypto company burning lot cash year presidential election industry see former president crypto convert,Donald Trump,0.34,2024-09-25T08:11:02Z
ukraine president zelenskiy snubbed meet biden former u president lashed ukrainian president volodymyr zelenskiy criticizing refusing,Donald Trump,-0.4588,2024-09-26T07:06:16Z
lawrence lie hurricane relief pick important endorsement disaster relief used nonpartisan issue one ever lied say msnbcs lawrence,Donald Trump,0.7351,2024-10-01T05:21:22Z
set respond immigration visit small wisconsin town former president set make campaign stop small western wisconsin town venezuelan national allegedly attacked woman,Donald Trump,0.0,2024-09-28T04:22:26Z
congress must stop taxing wo asking signature policy proposal third campaign presidency tariff tax percent imposed import china percent import country doe want tax hike would raise,Donald Trump,-0.296,2024-10-01T08:17:12Z
ignore problem get worse wasnt long ago candidate vying white house tried win voter plan reduce budget deficit better yet leave country deficit danger widening deficit mounting debt,Donald Trump,-0.8074,2024-09-28T08:15:02Z
lawrence lie hurricane relief pick important endorsement disaster relief used nonpartisan issue one ever lied say msnbcs lawrence odonnell analyzes debunked lie republican governor brian kemp biden administration response hurrican,Donald Trump,0.7351,2024-10-01T03:32:14Z
say ukraine demolished dismisses defense russia invasion former president criticized ukraine handling conflict russia suggesting early concession putin would better blamed president biden vice president escalating situation supporting ukraine,Donald Trump,0.128,2024-09-26T02:56:04Z
extraordinarily racist ramp attack immigrant weekend speech weekend ramped personal attack vp saying wa born mentally impaired vowed prosecute election cheater continued dangerous rhetoric haitian immigrant morning joe panel discus,Donald Trump,-0.7964,2024-09-30T10:46:03Z
back minute election interview participate program say statement cbs news program said former president campaign backed initially agreeing interview,Donald Trump,0.0,2024-10-01T23:01:41Z
pledge sweeping tariff say keep job u savannah ga tuesday pledged stop u business shipping job overseas take country job factory relying heavily sweeping tariff boost auto manufacturing despite warning domestic consumer w,Donald Trump,0.0,2024-09-25T02:52:49Z
whistleblower bidenharris administration sabotaging campaign whistleblower bidenharris administration sabotaging campaign authored matt margolis via pj medium election nearly month away seeing momentum final crucial week bidenharris administration,Donald Trump,0.0,2024-09-27T12:19:54Z
stick biden foreign policy vice president backing president bidens diplomacyfocused strategy middle east region move closer wider war contrast aggressive strategy urging still sitting vice president stand,Donald Trump,0.0,2024-09-29T14:00:14Z
harriswalz campaign ha given version concept plan healthcare photo jeff swensen getty image move call back last presidential debate harriswalz campaign ha gone attack mode trumpvance ticket topic healthcarewhen wa asked night alternative,Donald Trump,0.34,2024-09-30T09:00:00Z
better representing u world stage swing state poll voter key battleground state believe former president ha better chance dealing america pressing foreign policy priority according new polling new yorkbased institute global affair poll involve,Donald Trump,0.4404,2024-09-24T15:02:00Z
trillion problem get much worse ignoring wasnt long ago candidate vying white house tried win voter plan reduce budget deficit better yet leave country deficit danger widening deficit mounting debt,Donald Trump,-0.8176,2024-09-27T09:01:28Z
north korea say neither make give nuke north korea struck defiant tone united nation general assembly monday representative saying country would give nuclear weapon change diplomatic tack u president republican candidate former presiden,Donald Trump,0.0,2024-10-01T14:43:03Z
particularly notable key staffer prepare flee embattled mark robinson office mark robinson staff north carolina lieutenant governor office leaving drove damning cnn report linked gubernatorial candidate proslavery pronazi content porn site according new report chief staff brian li,Donald Trump,0.0,2024-09-25T20:49:11Z
speech economy policy watch former president headed georgia today speech economy savannah day new economic figure showed closing gap one strongest issue remark set received johnny mercer thea,Donald Trump,0.0,2024-09-24T15:48:17Z
top democrat call extinguished case anyone doesnt get yet liberal establishment want dead bidenharris commerce secretary gina raimondo spell aftermath second attempt life let extinguish good,Donald Trump,0.2023,2024-09-25T14:56:36Z
historically unpopular jd vance deploying new strategy duck tough question report string blunder misrepresentation outright fabrication dogged embattled vice presidential nominee jd vance campaign running mate ohio republican deploying maga fan run interference,Donald Trump,-0.128,2024-09-28T16:46:50Z
biden portrays insect killed aftermath second attempt life bidenharris commerce secretary gina raimondo publicly called extinguished good thats hard top encouraging political violence reason used call joe,Donald Trump,-0.6705,2024-09-27T14:59:45Z
randy quaid blame michelle obama assassination attempt actor randy quaid vocal supporter known playing cousin eddie national lampoon vacation series ha blamed michelle obama attempt shoot former president michelleobama asked twitter ban,Donald Trump,-0.743,2024-09-25T17:38:49Z
hurricane helene least dead billion damage expected know far destructive flood u southeast killed least people state affected include florida georgia north carolina south carolina tennessee rescue operation ongoing president biden vice president prioritizing fede,Donald Trump,0.0624,2024-09-30T14:12:59Z
psaki hide dark comfort zone nasty racist attack msnbc host jen psaki said sunday inside former president hide dark comfort zone nasty racist attack psaki said also running scared second debate insisting late despite debated around,Donald Trump,-0.872,2024-09-29T19:07:29Z
elon musk seizing people twitter account promote quickly think wed congressional hearing election interference mark zuckerberg much posted harriswalz lawn sign front house yet elon musk directly tweaking site owns push favored pol,Donald Trump,0.3818,2024-10-08T16:32:48Z
inside project connection cnn ha gone record say ha made false claim project,Donald Trump,0.0,2024-10-08T20:11:01Z
jpmorgan chase ceo jamie dimon endorse know rumor circulating top banker jp morgan chase ceo jamie dimon ha endorsed former president president however dimon ha publicly endorsed vice president president dimons spokesperson joe evangelisti told c,Donald Trump,0.3182,2024-10-04T19:12:58Z
new powerful ad going break powerful new ad harriswalz narrator useless j word used sure jan th told mob go peacefully patriotically also used word fight fighting least e,Donald Trump,0.4215,2024-10-07T22:02:33Z
blame biden iran war former u president ha blamed democratic opponent iran missile barrage israel tuesday read full article rtcom,Donald Trump,-0.743,2024-10-02T08:53:44Z
new campaign ad seizes viral vp debate moment cbs news one viral moment tuesday vice presidential debatewhen tim walz condemned jd vance damning nonanswer whether lost electionwas destined become campaign attack ad didthe campaign la,Donald Trump,0.0,2024-10-02T17:00:15Z
defense bidenharris plan reform pack court antiantitrump republican holding biden proposal reform supreme court equivalent comprehensive rejection democracy proposal extremely unlikely happen would good,Donald Trump,0.128,2024-10-07T14:00:04Z
couple ad republican farmer democratic actor fact check couple ad debunked claim said pennsylvania farmer previously voted former president,Donald Trump,0.0,2024-10-04T20:45:22Z
djt stock extends gain investor assess elon musk support medium appearance share medium technology group surged double digit monday elon musk made surprise appearance rally butler pa,Donald Trump,0.765,2024-10-08T18:46:24Z
return pa assassination attempt site rally visit storm damage nc republican presidential nominee return scene july assassination attempt butler pa saturday,Donald Trump,-0.7964,2024-10-05T18:52:44Z
one vp debate moment team turn ad tim walz asked jd vance whether lost republican nonanswer turned democratic campaign commercial,Donald Trump,0.0,2024-10-02T12:46:35Z
gop antitrumper claim jd vance sparked mini maga civil war illustrated eric faisonthe daily beastreutersgettycbs former republican strategist claim supporter major problem jd vances performance tuesday vice presidential debate wa nicethats according stuart stev,Donald Trump,-0.5994,2024-10-02T18:27:27Z
close race michigan factor could decide vice president need win back michigan voter president biden looked poised lose appeal remains strong without struggle,Donald Trump,0.0,2024-10-07T09:00:00Z
plan would add trillion u debt compared analysis say neither former president vice president plan fix national debt risking eventual fiscal crisis budget nonprofit group found analysis,Donald Trump,-0.3612,2024-10-07T04:01:00Z
less month election voting end expect week less month voting end election going close expect poll politics vice president former president,Donald Trump,0.0,2024-10-07T21:00:02Z
pressed specific wideranging interview minute interview followed criticism former president ha unwilling sit hard interview wa pressed everything economic proposal immigration,Donald Trump,0.0,2024-10-08T02:37:39Z
journo org warns victory could threaten press freedom completely ignoring bidenharris censorship regime committee protect journalist warned would antipress agenda lauding bidenharris admins medium relationship,Donald Trump,-0.2006,2024-10-07T19:24:48Z
fox friend loses ny time finally question sanity monday morning fox friend got irate new york time article asking mental acuity ha diminished fox friend trio attacked vp going friendly medium outlet like view howard stern stephen colbert,Donald Trump,0.2263,2024-10-07T16:14:14Z
tim walz ha say jd vances vp debate nonanswers abc interview late night host jimmy kimmel monday tim walz talked one notorious moment recent vice presidential debate jd vance refused directly answer walzs question whether lost,Donald Trump,0.34,2024-10-08T05:38:12Z
accuses bidenharris admin committing election interference depriving security former president ha accused bidenharris administration committing election interference refusing provide muchneeded security real estate mogul leveled accusation incumbent democratic administration sev,Donald Trump,-0.4019,2024-10-02T06:00:00Z
get october boost flurry poll give edge ahead swing state arizona nevada north carolina georgia according recent polling,Donald Trump,0.4019,2024-10-02T11:58:24Z
three swing state shifted past weeknate silver model need electoral vote tossup state year win would need,Donald Trump,0.0,2024-10-08T11:06:53Z
playbook michigan mess mount politico politico playbook michigan mess mount help eli okun garrett ross bethany irvine driving day tick tock one month election day return butler former president head back butler penn,Donald Trump,-0.3612,2024-10-05T22:15:02Z
break california record poll show rally trail point california poll performance percent wa worst gop nominee since,Donald Trump,0.0,2024-10-08T03:17:57Z
shapiro podcast use th remove biden office former president joined conservative podcast host ben shapiro tuesday,Donald Trump,0.0,2024-10-08T20:53:40Z
elon musk plan campaign battleground pennsylvania bloomberg bloomberg elon musk plan campaign battleground pennsylvania tied poll key swing state musk super pac ha spent million supporting elon musk plan campaign pen,Donald Trump,-0.4019,2024-10-07T21:50:05Z
way would blow economy robert reichif way would blow economy robert reichif win november hell make inflation explodethats nobelwinning economist telling u way ha proposed blowing u economy crazy tariff,Donald Trump,0.0,2024-10-08T15:45:34Z
tim walz rebuff fox news host minnesota abortion law voter say economy top issue election abortion rank high especially among voter compared supporter,Donald Trump,0.0,2024-10-06T17:07:37Z
elon musk seizing people twitter account promote mike masnicktechdirt mike masnick techdirt elon musk seizing people twitter account promote everyaccusationaprojection dept quickly think wed congressional hearing election interference mark,Donald Trump,0.3818,2024-10-08T23:15:00Z
youre losing nikki haley slam turning woman voter former united nation ambassador nikki haley warned republican presidential nominee wa putting campaign jeopardy alienating many independent woman votersduring thursday interview fox news host john robert noted,Donald Trump,-0.6369,2024-10-03T19:11:12Z
appears little clue factchecker shame latest accusation former president completely made accusation president joe biden robbing federal emergency management agency relief fund hurricane helene ravaged area washington post factchecker glenn kessler wrote four pinocchios rev,Donald Trump,-0.5908,2024-10-04T19:11:18Z
foulmouthed migrant rant captured private pitch donor david smiththe guardian david smith guardian foulmouthed migrant rant captured private pitch donor republican nominee claim threat democracy recording topdollar fundraiser colorado august unleashed foul,Donald Trump,-0.34,2024-10-04T14:15:05Z
spent raised second month row bill allisonbloomberg bill allison bloomberg spent raised second month row gop nominee ha million cash hand start october ha outraised since got race july campaign spent r,Donald Trump,0.0,2024-10-03T01:10:05Z
open letter lila rose prolifers planning vote prolife leader election today would vote based policy statement position,Donald Trump,0.0,2024-10-08T23:31:21Z
due respect lying abby phillip clash republican bogus claim abby phillip clashed republican guest refused acknowledge former president lying government response hurricane helene moved lying haitian immigrant eating ohioan pet claim,Donald Trump,-0.0772,2024-10-05T02:57:01Z
accountability road heal political divide new ad walz campaign show america place hope change america cant heal unless crew answer election crimesthe peaceful transfer power one foundation democracy keep,Donald Trump,0.0,2024-10-05T14:30:04Z
doe need democracy issue despite special prosecutor overwrought brief support charge acted unlawfully january democracy problem disappearing campaign issue supreme court part deciding v united state tha,Donald Trump,0.0,2024-10-08T00:00:00Z
debate u vice presidential candidate defend u vice presidential contender jd vance tim walz faced surprisingly civil debate tuesday despite tense moment hot topic migration abortion threat war middle east republican vance democrat walz dug poli,Donald Trump,0.0,2024-10-02T05:50:09Z
unconstitutional pitch truth social fit jack smith latest filing former president reacted special counsel jack smith massive new filing federal election conspiracy case longwinded rant truth social accusing plot interfere presidential electionthe release fal,Donald Trump,0.5859,2024-10-02T22:05:28Z
maria bartiromo factchecked air republican fema lie republican especially j enablers fox news repeated lie fema funding american suffering gotten bad fema set hurricane rumor response page interview fox news sunday house speake,Donald Trump,0.0,2024-10-08T19:40:31Z
watch blast bidens refusal back israeli strike iranian nuclear site former president blasted bidenharris administration declaration would support israeli strike iran nuclear site payback tehran massive ballistic missile attack jewish state post watch blast,Donald Trump,-0.128,2024-10-03T21:40:29Z
msnbc host stunned key impeachment witness gordon sondland back expresident biden policy becoming existential threat country way life ally well sondland said,Donald Trump,-0.1027,2024-10-04T03:08:43Z
fundraising email show erratic mood swing election draw near columnist former president fundraising email growing unstable election draw closer chauncey devega wrote salonits common email political party use overwrought dramatic language wrote som,Donald Trump,0.0,2024-10-07T12:57:26Z
vance draw ire backing federal fund lansing gm ev plant gov gretchen whitmer say comment made michigan wednesday vice presidential candidate u sen jd vance rohio middle finger michigan auto worker whitmer wa responding comment reported detroit news vance wa asked wh,Donald Trump,0.0258,2024-10-05T11:41:02Z
v crypto voter prefer ahead election recent survey conducted blockchain software technology company consensys reveals importance procrypto voter shaping regulatory landscape u presidential election approach amid ongoing regulatory scrutiny u secur,Donald Trump,0.0,2024-10-04T12:30:52Z
tim walz go fox news attack economic agenda minnesota gov tim walz democratic vice presidential nominee went fox news sunday morning lay case democratic ticket attack republican economic policy minute interview fox news sunday host shannon bream wa,Donald Trump,-0.4767,2024-10-06T18:20:29Z
tim walz oddly highlight inflation saying hasnt grocery store since doesnt know food price york pa democratic vicepresidential candidate tim walz took aim wednesday bizarrely suggesting former prez hasnt inside grocery store decade doesnt actually know high price grocery bidenharris,Donald Trump,0.34,2024-10-03T21:55:58Z
lie donna brazile clash reince priebus eric violent rhetoric democratic strategist donna brazile clashed former republican national committee chair reince priebus defended eric assertion democrat blame assassination attempt father former president,Donald Trump,-0.5994,2024-10-06T14:39:15Z
campaign get significant donation ben horowitz ben horowitz firm originally backed republican president joe biden wa democratic candidate,Donald Trump,0.2023,2024-10-05T21:52:13Z
trafficking nazi race science slammed vile trifecta antisemitism oneyear anniversary hamas terror attack israel took deep dive antisemitic nazi rhetoricthe expresidentwin losenear end final white house run told rightwing political commentator host hugh hewit,Donald Trump,-0.6249,2024-10-07T20:56:32Z
renter think better candidate housing survey find close third think would better according redfin read,Donald Trump,0.4404,2024-10-02T17:24:05Z
blast appointing union buster president vice president warned want pull u back time worker freedom organize,Donald Trump,0.0,2024-10-02T19:22:04Z
theyre terrified tx republican fear dem surge new voter added since texas typically viewed one safest state country republican new voter data show democrat may make lone state state competitive decade according san antonio expressnews texas ha,Donald Trump,-0.6908,2024-10-03T09:10:04Z
liz cheney stupid warhawk want shoot missile people liz cheney stupid warhawk want shoot missile people mocked campaign rolling liz cheney frequently boasting dick cheney endorsement rally michigan thursday liz week,Donald Trump,-0.6705,2024-10-04T23:48:57Z
psaki call republican follow liz cheney endorsing liz cheney opposed returning white house went far make campaign,Donald Trump,0.0,2024-10-05T03:20:19Z
michael moore warns move center could cost presidency oscarwinning filmmaker argued friday vice president could lose election abandoning progressive position,Donald Trump,-0.1027,2024-10-04T19:58:11Z
elon musk attend rally increase hostility towards spacex ceo elon musk ha announced attend upcoming rally butler pennsylvania former president wa shot assassination attempt mark first time musk attend republican rally signaling signific,Donald Trump,-0.296,2024-10-04T09:52:15Z
joe backing minute behavior someone want win vp sat lengthy minute interview aired monday backed interview program morning joe panel discusses,Donald Trump,0.6369,2024-10-08T11:12:54Z
scare hell j expert warns disinformation ramp midoctober greensboro nc denver riggleman served senior technical advisor january th committee said belief significant risk violence vote count nov election supporter republican nominee dona,Donald Trump,-0.8481,2024-10-04T17:19:29Z
fact check bidenharris let migrant murderer former president ha said bidenharris administration released migrant convicted homicide federal record custody newly released statistic regarding migrant criminal conviction deploye,Donald Trump,-0.6808,2024-10-07T15:45:12Z
accurate poll leading betting market going steadily strong u election till latest poll survey also going quite strongly favor especially jd vance strong appearance vp debate democrat pick tim walz meanwhile musk endors,Donald Trump,0.0,2024-10-08T13:17:47Z
return power could boost xrp solana etf analyst say potential return presidency could substantially impact approval cryptocurrency exchangetraded fund etf particularly xrp solana regulatory environment digital asset criticized,Donald Trump,0.4019,2024-10-02T16:00:39Z
wa tim walzs performance similar bidens debate disaster hamper chance u election united state vp tim walz ha par time clearly reflects bidens disaster first u presidential debate walz performance vp debate jd vance ha something disaster,Donald Trump,-0.4767,2024-10-03T23:57:44Z
could monte carlo id rather butler former president rallied supporter saturday butler pennsylvania site assassination attempt life speaking public service suggested honored run president protect nation,Donald Trump,0.0,2024-10-06T01:21:04Z
politics roundup court republican return site shooting vice president traveled birthplace republican party wisconsin week campaign onetime senior republican congressperson liz cheney republican nominee ha upped frequency campaign event hell,Donald Trump,0.0,2024-10-04T19:54:05Z
abortion fan flame electoral gain fight calming compromise democrat like say border control walz want issue abortion compromise,Donald Trump,0.7003,2024-10-03T00:06:54Z
gosh seem remember lot less world war iii wa president election cycle seems going since munsters wa primetime hit television ive checked rechecked calendar kid nearing end thing given amount proharris antitrump b w,Donald Trump,-0.5606,2024-10-02T13:06:35Z
klobuchar bidenharris strong keeping tariff would tax monday broadcast msnbcs reidout sen amy klobuchar dmn stated bidenharris administration ha strong chinese steel dumping keeping tariff place republican presidential candidate former president,Donald Trump,0.5106,2024-10-01T01:17:02Z
vp job still available campaign put cheeky post targeting jd vance could facing immense challenge jd vance doe stand running mate november even though vance proved worth dominant display vp debate still strong rumor may end running,Donald Trump,0.0,2024-10-05T00:05:30Z
key impeachment witness gordon sondland surprise msnbc host endorses expresident u presidential election gordon sondland former administration official key witness impeachment ha shifted stance support citing dissatisfaction bidenharris administration policy,Donald Trump,0.5423,2024-10-04T11:33:15Z
surrounded disaster mayhem entering final week presidential race deadly hurricane massive labor strike war raging around globe among crisis engulfing bidenharris administration one month election former president flipping script democrat month wa,Donald Trump,-0.6249,2024-10-03T00:14:05Z
gov shapiro iran attacked israel year unprecedented attack today wa chaos tuesday broadcast cnns situation room pennsylvania gov josh shapiro said iran ha using hezbollah one proxy attack israel better part last year launched unprecedented attack israel today,Donald Trump,-0.8689,2024-10-01T23:01:53Z
michael moore dems frightened group people shocking believe win liberal documentary filmmaker michael moore said monday cnns news central wa frightened democrat think former president win host brianna keilar said know youve heard thinking youre aware,Donald Trump,-0.2023,2024-10-08T15:30:21Z
former dem rep endorses say bidenharris admin ha made world dramatically less safe place former democratic representative peter deutsch publicly endorsed former president monday citing dissatisfaction president joe biden,Donald Trump,0.7512,2024-10-07T22:31:31Z
alex mcfarland evangelicals madeup group new group evangelicals want think former president like rev billy graham,Donald Trump,0.0,2024-10-01T20:33:02Z
kaine face controversial gop challenger cao highstakes u senate race morning monday april forever etched virginia democratic u rep tim kaines memory tragic day seunghui cho undergraduate student virginia tech blacksburg killed people wounded others mass shooting,Donald Trump,-0.0772,2024-10-07T10:02:02Z
u election trade war could affect everyday american business u election former president current republican nominee ha reemphasized tariff primary solution various economic challenge facing united state proposed measure include significant tariff import particu,Donald Trump,-0.5994,2024-10-04T14:26:10Z
biden head hurricaneravaged southeast wake visit president biden vice president travel stormravaged southeast wednesday two day visited death toll devastation hurricane helene soar,Donald Trump,0.0,2024-10-02T13:53:39Z
joe biden accuses lying white house response hurricane helene financial time joe biden accuses lying white house response hurricane helenefinancial time biden angrily responds hurricane responsepolitico biden visit north carolina day helenes path destruction leaf many devastatedfo,Donald Trump,-0.7003,2024-10-01T02:33:17Z
beyond pissed jack smith seeing new evidence taking release new evidence election fraud case well page motion special counsel jack smith wa released public wednesday detailed former president effort overturn,Donald Trump,-0.6369,2024-10-03T14:25:39Z
gofundme victim hurricane helene raise million usa today gofundme victim hurricane helene raise millionusa today slam u response helene disasterresponse record marked politicsthe associated press enormous devastation hurricane helene becomes p,Donald Trump,-0.2732,2024-10-02T01:52:44Z
call increasingly unstable unhinged pennsylvania rally monday campaign rally deployed new showandtell approach lambasting former president,Donald Trump,-0.3612,2024-10-15T01:36:27Z
pretaped fox news town hall allwomen audience former president fox news town hall next week focused issue impacting woman allfemale audience network said town hall pre tape oct air next day part faulkers et,Donald Trump,0.0,2024-10-11T15:55:16Z
claimed minute interview violated campaign finance law thats false former president backed minute interview skipping decadeslong tradition major party presidential candidate interview network ahead general post claimed minute interview vi,Donald Trump,-0.5267,2024-10-14T10:30:47Z
biden administration didnt steal billion fema migrant claim pant fire arrived augusta georgia survey hurricane helenes devastation former president said bidenharris administration spending immigrant ha left federal emergency management agency broke post biden administration,Donald Trump,0.0588,2024-10-10T11:00:12Z
cbs news aired different answer question minute interview former u president claimed edits constituted giant fake news scam demanded cbs broadcast license revoked,Donald Trump,0.0,2024-10-11T19:35:00Z
florida begin milton recovery obama stump morning rundown hurricane milton florida barrier island colorado tourist mine fisherprice infant swing recall barack obama vladimir putin apprentice movie,Donald Trump,0.0,2024-10-11T11:06:52Z
shouldnt embrace tariff entering home stretch presidential race former president doubling pledge institute big new tariff voter,Donald Trump,-0.2411,2024-10-11T11:17:38Z
release medical record look pressure campaign view release opportunity turn conversation towards physical health mental acuity opponent former president,Donald Trump,-0.296,2024-10-12T09:01:16Z
strategy win female voter call dumb pdonald ha great respect woman earlier week referred six female host abc view dumb woman degeneratesp,Donald Trump,0.128,2024-10-11T11:16:03Z
biden updated hurricane milton misinformation spread president biden slamming effort spread misinformation federal recovery effort hurricane helene hurricane milton cbs news caitlin hueyburns ha former president latest campaign stop detroit discussed,Donald Trump,-0.3182,2024-10-10T20:28:09Z
sen warnock reminds medium central park five georgia senator raphael warnock reassured democrat black men would vote significance hit voting booth toxic masculinity white nationalism bring misogynistic male persuasion lead,Donald Trump,0.0,2024-10-15T13:51:58Z
bidenharris admins medicare shock senior finally beat medicare president joe biden claimed calamitous june debate former president white house later clarified read post bidenharris admins medicare shock senior appeared first,Donald Trump,-0.3818,2024-10-14T13:01:00Z
let make military great video slam wokeness bidenharris former president campaign played video rally week pennsylvania slammed wokeness united state military bidenharris administration called making military great post let make,Donald Trump,0.3612,2024-10-11T18:51:50Z
sol may pump x yearend win standard chartered standard chartered expects solana price skyrocket five time win next month anticipating administration friendly solana ecosystem compared government,Donald Trump,0.5859,2024-10-09T07:06:06Z
called retarded railed jew supporting report sebastian murdockhuffpost sebastian murdock huffpost called retarded railed jew supporting report said used slur tower dinner also suggested donor need provide help campaign,Donald Trump,-0.2023,2024-10-12T21:45:04Z
would embolden putin evil ambition outcome fall presidential election profoundly impact wellbeing daily freedom american people election consequence enormous country share value interest around worldstartin,Donald Trump,-0.6597,2024-10-10T16:03:20Z
wrest alaska away bloomberg state ha also become unlikely talking point democratic fundraiser strategist small tantalizing presidential election prize poll last month showed trailing former president percen,Donald Trump,0.0,2024-10-10T12:35:01Z
scared hiding journalist exobama adviser episode pod save america jon favreau jen psaki criticized medium strategy continues medium blitz,Donald Trump,-0.6249,2024-10-10T14:37:54Z
border patrol union unanimously endorses allow border czar win election every city every community great country going go hell post border patrol union unanimously endorses first appeared legal insurrection,Donald Trump,0.34,2024-10-14T16:00:23Z
ha incredible momentum campaign begin spectacularly implode witnessing surge poll ultimately decide election time hillary clinton enormous lead last several week campaign poll dramatically tightened,Donald Trump,0.34,2024-10-13T23:34:04Z
radical bernie sandersfounded group rally million defeat key state u general election week away nation largest progressive organizing group launching massive voter outreach campaign swing state block former president return power also pushing potential harriswa,Donald Trump,-0.4588,2024-10-09T01:43:02Z
take divergent path tied race washington post washington post take divergent path tied race say winning say could lose poll show dead heat aspiring member potential second administration gathered thursday washington,Donald Trump,0.0,2024-10-12T11:45:01Z
hear vance hammer abc raddatz criticizing aurora co venezuelan gang problem sunday broadcast abc week sen jd vance roh republican vicepresidential nominee responded host martha raddatzs criticism former president attack bidenharris immigration policy attributing,Donald Trump,-0.6369,2024-10-13T18:25:25Z
big mad fox news interviewing charisma madarangrolling stone charisma madarang rolling stone big mad fox news interviewing network announced vice president would sit interview raged social medium republican presidential nominee inc,Donald Trump,-0.4939,2024-10-15T02:20:05Z
pressure release medical record turn ha previously said ha aced cognitive test one occasion feel sharper year ago,Donald Trump,-0.296,2024-10-12T16:16:37Z
pledge form bipartisan council adviser new york time bipartisan council proposal latest effort campaign court republican voter disaffected former president also dovetail vice president attempt counter image california l,Donald Trump,0.0,2024-10-12T02:08:21Z
v analyst tell panicky dems gop creating fake poll desperate unhinged trumpian kevin manahannew jersey online kevin manahan new jersey online v analyst tell panicky dems gop creating fake poll desperate unhinged trumpian poll seem indicate former president ha momentum swing state day remai,Donald Trump,-0.6908,2024-10-12T17:00:06Z
battle swing state tied ha edge top issue wsj poll show aaron zitnerwall street journal aaron zitner wall street journal battle swing state tied ha edge top issue wsj poll show voter prefer republican economy border security still ha path electoral college win washingtonvoters th,Donald Trump,0.1531,2024-10-11T11:05:03Z
evangelicals campaign threatened legal action use billy graham image evangelicals campaign ha threatened legal action using footage late evangelist billy graham advert attacking republican presidential nominee,Donald Trump,-0.3612,2024-10-10T10:48:42Z
economist say inflation deficit higher wall street journal wall street journal economist say inflation deficit higher wsj survey economist see plan inflationary larger margin july president biden wa ticket washingtonmost,Donald Trump,-0.4019,2024-10-14T16:40:01Z
nearly economist surveyed wall street journal deem worse inflation wall street journal published survey monday reported came inflation wa one definitive candidate whose economic policy plan would make worse former president fifty economist responded survey whi,Donald Trump,-0.4767,2024-10-14T18:30:38Z
disgusting taoiseach condemns former adviser call israel drop napalm irish peacekeeper lebanon taoiseach simon ha described despicable call former adviser israel drop burning chemical napalm irish peacekeeper lebanon,Donald Trump,-0.7351,2024-10-09T14:05:00Z
giant vote sign spark unifying frenzy upstate new york democratic owner tell glenn beck man responsible foot vote sign tower city upstate new york appeared glenn beck program wednesday explain host glenn beck sign victory american matter political p,Donald Trump,-0.1027,2024-10-09T21:46:18Z
address womens issue georgia town hall hosted fox news former president take part town hall hosted fox news anchor faulkner focused policy issue crucial female voter week ahead election scheduled air october faulkner focus event promise,Donald Trump,0.0,2024-10-11T16:07:28Z
fox news channel faulkner present town hall womens issue featuring former president october th lindsey burstinerfox news lindsey burstiner fox news fox news channel faulkner present town hall womens issue featuring former president october th onehour town hall feature allfemale audience cumming georgia air faulkner,Donald Trump,0.0,2024-10-11T20:35:00Z
dont even start gop strategist shut cnn obamas diaperthemed jab republican strategist tried raise ruckus former president barack obamas diaperthemed jab former president found shut instead political analyst scott jennings attempted disparage obamas suggestion tru,Donald Trump,0.0,2024-10-11T13:32:14Z
extremist movement expert dismiss reported support among key voting bloc former president reported success key voting bloc ha political expert raising skeptical eyebrow according new report narrative ha garnering surging support among black men doesnt hold clo,Donald Trump,0.4019,2024-10-12T12:33:09Z
never see october renowned lawyer professor alan dershowitz posted video show dershow titled winning losingin argued poll beginning trend favor,Donald Trump,0.0,2024-10-15T04:00:00Z
desantis rip butting milton response role process ive dealing storm florida president biden neither ever politicized desantis told cnbcs squawk box,Donald Trump,0.0,2024-10-10T16:40:52Z
gaining momentum black voter new poll say republican gaining steam black voter vice president falling behind key group wa polling democrat four year ago new survey show,Donald Trump,0.4215,2024-10-12T17:29:14Z
leaked gop factsheet show party debunking fema claim fox news obtained fact sheet assembled majority side house appropriation committee debunked several false claim made supporter senior congressional correspondent chad pergram reported tuesday continues,Donald Trump,0.1027,2024-10-09T17:48:13Z
ups rhetoric armed man arrested outside coachella rally call exprez increasingly unstable unhinged increasingly unstable unhinged vice president told supporter erie pa rally,Donald Trump,-0.6808,2024-10-15T02:50:38Z
excbs news reporter say precedent releasing full interview transcript came two version answer question israel went viral social medium prompting accusation wa deceptively edited cbs,Donald Trump,0.0,2024-10-09T23:45:35Z
oddly inaccurate exgop lawmaker get brutal factcheck fellow cnn panelist cnn panelist sparred tuesday night discussion legendary investigative journalist bob woodward new book revealed seven phone call former president russian president vladimir putin maga leader le,Donald Trump,-0.6249,2024-10-09T03:10:04Z
lawrence odonnell campaigning obama could resist making fun msnbcs lawrence odonnell show masterfully president barack obama ridiculed first speech president campaign,Donald Trump,0.5106,2024-10-11T18:18:51Z
longtime democrat donor bill ackman sound alarm list bidenharris democrat policy destroy america within renowned hedge fund manager longtime democrat donor bill ackman broke silence unexpected decision endorse election post longtime democrat donor bill ackman sound alarm list bidenharris democra,Donald Trump,-0.7096,2024-10-13T18:00:40Z
called retarded railed jew supporting report said used slur tower dinner also suggested donor need provide help campaign,Donald Trump,-0.2023,2024-10-12T16:57:19Z
campaign influence operation say former state dept official expert agree prominent former u state department official worked fight russian disinformation ha labeled presidential campaign influence operation several expert echoing assessmentrichard stengel nbc newsmsnbc analyst spent,Donald Trump,0.3612,2024-10-11T15:19:22Z
release health record refuse vice president kamalaharris released healthrecords per tradition presidential candidate former president,Donald Trump,-0.296,2024-10-12T23:39:14Z
billionaire buying presidency evil man source fascination ordinary person wonder impels extreme conduct lust wealth common motive undoubtedly craving power revenge society let u grant well wealth ha gained,Donald Trump,0.0,2024-10-09T09:47:32Z
extraordinary campaign make unprecedented request threat life campaign asked military aircraft vehicle transport former president final week presidential racecampaign manager susie wile sent email past two week secret service acting director ronald l row,Donald Trump,-0.5267,2024-10-11T18:01:02Z
ha ridiculous freakout dangerous detail medical report scaremongered vice president suffers deeply serious condition clearly impact functioning,Donald Trump,-0.7184,2024-10-15T10:36:40Z
electoral college map projector flip three swing state favorite win november presidential election according latest data published canada study released election analysis website monday gave percent chance winning compared percent,Donald Trump,0.0,2024-10-15T11:03:17Z
lie egregious gop closing campaign message given scathing rebuke bulwark ab stoddard delivered scathing rebuke closing message republican chosen presidential campaign sum latest column well lie youshe single recent falsehood former presiden,Donald Trump,0.0,2024-10-09T16:27:04Z
rebrands mass deportation plan bash immigration policy former president branded mass deportation plan city promised program would begin aurora colorado rally friday appearing first time one two city said mass deportation undoc,Donald Trump,0.0,2024-10-11T22:08:46Z
neither friend free speech last week vice presidential debate democratic candidate minnesota gov tim walz asked republican opponent sen jd vance rohio whether lost bid reelection vance want choose contr,Donald Trump,-0.652,2024-10-09T04:21:22Z
video empathy man vp late show part democratic nominee president united state return seventh visit late show sits fourpart interview stephen colbert watch stephen discus devastation hurricane helene crude cynicism,Donald Trump,0.0,2024-10-09T21:37:03Z
man talk eugene robinson reacts obama trashing rally former president barack obama campaigned vp first time thursday night pittsburgh criticized relentlessly mocked morning joe panel discusses obamas appearance,Donald Trump,0.0,2024-10-11T10:54:04Z
stock performed biden v stock performed biden v marketwatch truth election result stock market performance morningstar average stock market return democratic republican president white house,Donald Trump,0.0,2024-10-12T13:11:58Z
end roe collide closely divided battle white woman erie pa dr theresa wheeling always registered republican voted third party large part felt would hypocritical vote kid chosen job related v,Donald Trump,-0.4404,2024-10-14T10:21:17Z
detroit say u end like detroit sought court business leader worker swingstate michigan economic club detroit thursday detroit spoke known motor city auto manufacturing heavy region industry worker pi,Donald Trump,0.3612,2024-10-11T00:22:50Z
would presidency mean tech industry u presidential election drawing nearer nearer world wait see democrat prevail bated breath former president reclaims seat oval office set one landmark election,Donald Trump,0.0,2024-10-11T16:49:15Z
put transparency lack thereof spotlight couple month since promised release medical record public vow former president ha kept problematic variety reason new york time recently reported example,Donald Trump,-0.3182,2024-10-14T17:38:54Z
key area way ahead say cnn data guru may bouncing back poll race day left u election according latest stats cnn poll forecaster harry enten ton bad news democrat camp coming day starting,Donald Trump,0.0,2024-10-14T17:21:56Z
tout election betting market number surge past become bookmaker favorite tout election betting market number surge past become bookmaker favorite forbes odds winning election got better usa today win presidential election updated betting od,Donald Trump,0.4215,2024-10-12T21:10:13Z
heartbreaking image florida meme us ai alligator goofy riff conservative duped fake helene photo ai image meme flooding internet hurricane milton hit mocking viral moment hurricane helene prominent bundler got duped ai picture cant believe image seeing coming florida today,Donald Trump,-0.836,2024-10-10T21:19:09Z
full nuremberg internet recoil stephen miller whip hate maga rally former president held rally friday aurora colorado migrant crime pushing viral internet hoax venezuelan gang tren de aragua taken apartment project city charging rent tenant,Donald Trump,-0.5719,2024-10-11T20:40:22Z
colbert im obviously joe biden im vice president sought distance president biden former president late tuesday asked whether potential administration would represent change appearance late show stephen colbert colbert sai,Donald Trump,0.0,2024-10-12T00:15:22Z
ha incredible momentum campaign begin spectacularly implode witnessing surge poll ultimately decide election time hillary clinton enormous lead last several week campaign poll dramatically tightened,Donald Trump,0.34,2024-10-14T13:35:02Z
chance winning landslide according odds poll month remaining election poll seven battleground state show race within margin error leaving door open either candidate potentially sweep key swing state maintains slim national lead,Donald Trump,0.6597,2024-10-13T16:53:55Z
reject fox news invite debate late october statement fox said second debate would present opportunity candidate make closing argument,Donald Trump,-0.2732,2024-10-10T04:28:42Z
warnock wont significant number black men voting senator raphael warnock dga said sunday cnns state union black men going vote significant number dana bash said new york time poll released weekend show vice president among,Donald Trump,-0.2057,2024-10-13T14:23:57Z
opinion people interviewing barack obama submitted interview three youtube star one wa notable eating cereal bathtub wa moment opened window medium landscape future mainstream medium known w,Donald Trump,0.0,2024-10-13T00:26:19Z
participate allfemale fox news town hall issue impacting woman former president participate allfemale fox news town hall georgia specifically covering issue impacting woman airing october mere week ahead election fox news made announcement friday noting,Donald Trump,0.0,2024-10-11T19:30:24Z
fight pennsylvania county known picking president erie pennsylvania reuters command center republican presidential candidate campaign one hotly contested county important election battleground state pennsylvania sits small room stripmall,Donald Trump,-0.3818,2024-10-09T10:16:00Z
take direct swipe border record yet unveils plan use law dismantle migrant gang speaking crowd thousand maga faithful aurora colorado announced brand new illegal migrant operation named town operation aurora target notorious transnational venezuelan criminal gang tren de aragua,Donald Trump,0.0,2024-10-12T12:52:11Z
commit mistake medium blitz like ha gone medium blitz week waited month president biden dropped race conduct first significant interview,Donald Trump,0.3182,2024-10-10T13:49:02Z
nbcs kornacki gender gap favor new poll men woman nbc election analyst steve kornacki look result new round poll nbc news surprisingly gender gap among registered voter polled favor sunday morning meet press poll ste,Donald Trump,0.4019,2024-10-13T13:25:13Z
election tilt toward suspicion grow poll may masking true size lead string poll legacy outfit ha pointed shift toward former president major battleground state vice president maintains national lead analyst see critical disconnect state nat,Donald Trump,0.0516,2024-10-11T13:05:33Z
catalyst losing total confidence billionaire investor donor bill ackman tear bidenharris dems billionaire investor bill ackman ripped bidenharris administration friday posting x formerly known twitter catalyst losing total confidence democratic party ackman formally endorsed republican presidential nominee,Donald Trump,0.1779,2024-10-13T14:51:20Z
stark divide voting right npr bias future voting right u fall ballot two major party candidate president offering two starkly different path vice president democratic nominee calling strengthening legal protection raci,Donald Trump,-0.1027,2024-10-14T20:15:31Z
call father ivf allwomen town hall fox news former president sat fox news faulkner tuesday night front allfemale audience cummings georgia,Donald Trump,0.0,2024-10-16T19:39:07Z
promise ban transgender people participating sport reelected former president promised singlehandedly ban transgender athlete participating high school college professional sport reelected fox news town hall faulkner georgia tuesday aired,Donald Trump,-0.3182,2024-10-16T22:20:05Z
gain momentum election handle political disagreement new npr data show former president edging vice president race white house full list tip handle political disagreement destress,Donald Trump,0.2263,2024-10-16T12:06:49Z
breitbart business digest wall street side main street side tariff popular commanding majority american votersand extremely unpopular among wall street economist post breitbart business digest wall street side main street side appeared first breitbart,Donald Trump,0.0,2024-10-16T00:13:36Z
chance winning election highest since julyoddsmaker come poll shown gap narrowing,Donald Trump,0.6597,2024-10-16T14:41:28Z
brain gone rambling answer fox town hall startle critic former president wednesday town hall appearance fox news rambled incoherently asked would lower price baconafter fox news faulkner asked price meat called th,Donald Trump,-0.5267,2024-10-16T17:44:20Z
fox news brings spox ian sam back air less hour raged appearance campaign spokesman ian sam joined dana perino interview shortly raged samss appearance fox news post fox news brings spox ian sam back air less hour raged appearance fi,Donald Trump,-0.4062,2024-10-16T15:03:45Z
call father ivf double enemy within remark town hall abc news abc news call father ivf double enemy within remark town hall also doubled enemy within comment republican presidential nominee former president speaks break fo,Donald Trump,-0.5423,2024-10-16T21:45:01Z
pledge keep men womens sport gon na let happen former president pledged wednesday keep transidentifying men womens sport elected november moment came fox news town hall georgia woman voter moderated faulkner host faulkner focus,Donald Trump,0.0,2024-10-16T18:54:09Z
u business leader want stability chaos reid hoffmanbloomberg reid hoffman bloomberg u business leader want stability chaos inflation tamed unemployment low republican candidate policy could reverse achievement former president kind,Donald Trump,-0.5267,2024-10-16T11:05:00Z
u prison offered genderaffirming care wa president campaign ad released former president j battleground state slam vice president supporting taxpayerfunded,Donald Trump,-0.0258,2024-10-16T19:00:03Z
im father ivf speaking front allfemale audience tuesday town hall event georgia declared father ivf former president told fox news moderator faulkner republican really party ivf alcom,Donald Trump,0.0,2024-10-16T19:50:00Z
agrees charlamagne tha god assessment campaign fascism campaign fascism cant say charlamagne askedyes say harries replied,Donald Trump,0.4404,2024-10-16T01:37:10Z
say black latino supporter need head examined echoing frequent barb former president ha directed head examined message democrati voter several different demographic group,Donald Trump,0.2732,2024-10-16T12:50:40Z
win election newsweek reader verdict day left election day voter final say want next president united state candidate appear locked dead heat race toward white house according latest nbc new,Donald Trump,0.6597,2024-10-16T14:18:15Z
border agent reveal league table gang plague america bidenharris administration catching fewer international criminal gang member compared previous year former president newsweek spoke expert intricate detail cbp data give breakdown n,Donald Trump,0.0,2024-10-16T17:21:15Z
dogecoin top victory trade say investment firm ceo leading figure crypto sector highlighted dogecoin potential top beneficiary victory upcoming u election andrew kang founder ceo mechanism capital took x express insight matter one,Donald Trump,0.2023,2024-10-16T20:00:36Z
chuck todd biden cost election country seems evenly divided politics polarized many cultural issue durable majority doe agree one thing dont like biden presidency despite machination resulted president joe bidens,Donald Trump,0.0,2024-10-16T13:41:30Z
mark hamill unhinged booster join force lincoln project sabotage nyc rally democrat trying cancel least spoil president upcoming campaign event madison square garden new york city evidencing desperation final week election hostility toward americ,Donald Trump,-0.296,2024-10-15T18:35:23Z
u election trail behind early voter battleground state voter planned voting early key battleground state majorly siding new poll ha found major red flag democrat would looking consolidating lead early election espe,Donald Trump,-0.4019,2024-10-15T15:44:17Z
promise allwomen town hall recordsetting job bring energy cost woman revealed feel good economy bidenharris allwomen town hall former president walked economy improve leadership post promise allwomen town hall,Donald Trump,0.5267,2024-10-16T19:52:17Z
slam pelosis sick evil doubling enemy within rhetoric former president doubled attack democrat enemy within namechecked speaker emerita nancy pelosi well husband paul pelosi sick evil escalated rhetoric fox news town hall,Donald Trump,-0.93,2024-10-16T14:21:31Z
elon musk ha given million far put back white house npr elon musk ha given million far put back white housenpr elon musk billionaire invest staggering sum electing plus takeaway thirdquarter filingscnn elon musk donates million pr,Donald Trump,0.34,2024-10-16T22:33:19Z
agrees charlamagne tha god assessment campaign fascism new york post agrees charlamagne tha god assessment campaign fascismnew york post embrace weave head foxcnn opinion point conversation insight momentthe new york time charl,Donald Trump,0.4404,2024-10-16T08:52:44Z
election update campaign address plagiarism claim call father ivf usa today election update campaign address plagiarism claim call father ivfusa today call senator fantastically attractive speaking allfemale audiencecnn call father ivf say,Donald Trump,0.0,2024-10-16T21:32:49Z
esper take comment using military american seriously hill esper take comment using military american seriouslythe hill former defense secretary fear would try utilize military u citizenscnn give campaign needsnational review fa,Donald Trump,-0.1779,2024-10-15T18:33:06Z
jimmy kimmel refutes claim appeared show lot rolling stone jimmy kimmel refutes claim appeared show lotrolling stone jimmy kimmel bash bizarre town hallthe new york time kimmel latest attack go low go really lowthe guardian jimmy kimmel launch,Donald Trump,0.0,2024-10-16T13:32:15Z
economic plan would worsen inflation expert say associated press economic plan would worsen inflation expert saythe associated press chart tariff would shock u world economiesthe washington post beautiful tariff foreshadow big policy experimentbloomberg economist hate,Donald Trump,-0.5106,2024-10-16T11:32:56Z
fact check make least false claim onehour fox town hall woman cnn fact check make least false claim onehour fox town hall womencnn faulkner town hall change gamefox news focus womens issue front allwomen audience fox news town hallnpr opinion abortion,Donald Trump,0.0,2024-10-16T19:33:28Z
